{
  "recall": 0.8736842105263158,
  "precision": 0.04814385150812065,
  "auc_roc": 0.9615359602515493
}