{
  "recall": 0.8736842105263158,
  "precision": 0.05638586956521739,
  "auc_roc": 0.9656548079701293
}